action,observation.state,timestamp,frame_index,episode_index,index,task_index
[0. 0. 0. 0. 0. 0. 0.],"[-1.0197706e-04 -8.8380111e-05  4.7589292e-05  3.3908422e-05
 -2.2040473e-04 -1.1867947e-04  0.0000000e+00]",0.0,0,0,0,0
[0. 0. 0. 0. 0. 0. 0.],"[-1.0877552e-04 -8.8380111e-05  5.4387761e-05  5.0862629e-05
 -2.2040473e-04 -1.2715657e-04  0.0000000e+00]",0.033333335,1,0,1,0
[0. 0. 0. 0. 0. 0. 0.],"[-1.0877552e-04 -8.1581646e-05  4.7589292e-05  3.3908422e-05
 -2.1192763e-04 -1.3563369e-04  2.2478000e+03]",0.06666667,2,0,2,0
[0. 0. 0. 0. 0. 0. 0.],"[-7.4783173e-05 -6.1186234e-05  6.7984702e-06  2.5431314e-05
 -1.6106499e-04 -1.0172526e-04  2.2478000e+03]",0.1,3,0,3,0
[0. 0. 0. 0. 0. 0. 0.],"[-4.7589292e-05 -5.4387761e-05  0.0000000e+00  2.5431314e-05
 -1.1867947e-04 -7.6293945e-05  2.2478000e+03]",0.13333334,4,0,4,0
[0. 0. 0. 0. 0. 0. 0.],"[-4.7589292e-05 -4.0790823e-05  6.7984702e-06  1.6954211e-05
 -8.4771047e-05 -4.2385524e-05  2.2478000e+03]",0.16666667,5,0,5,0
[0. 0. 0. 0. 0. 0. 0.],"[-4.0790823e-05 -3.3992354e-05  6.7984702e-06  1.6954211e-05
 -5.0862629e-05 -2.5431314e-05  2.2478000e+03]",0.2,6,0,6,0
[0. 0. 0. 0. 0. 0. 0.],"[-2.0395411e-05 -2.7193881e-05  0.0000000e+00 -0.0000000e+00
 -5.0862629e-05 -1.6954211e-05  2.2478000e+03]",0.23333333,7,0,7,0
[0. 0. 0. 0. 0. 0. 0.],"[-6.798470e-06 -2.719388e-05 -6.798470e-06  8.477105e-06 -3.390842e-05
 -8.477105e-06  2.247800e+03]",0.26666668,8,0,8,0
[0. 0. 0. 0. 0. 0. 0.],"[-0.000000e+00 -2.719388e-05  0.000000e+00  8.477105e-06 -1.695421e-05
 -8.477105e-06  2.247800e+03]",0.3,9,0,9,0
[0. 0. 0. 0. 0. 0. 0.],"[-1.3596940e-05 -2.0395411e-05 -6.7984702e-06  8.4771054e-06
 -8.4771054e-06 -8.4771054e-06  2.2478000e+03]",0.33333334,10,0,10,0
[0. 0. 0. 0. 0. 0. 0.],"[-6.798470e-06 -2.719388e-05  6.798470e-06  8.477105e-06 -0.000000e+00
 -0.000000e+00  2.247800e+03]",0.36666667,11,0,11,0
[0. 0. 0. 0. 0. 0. 0.],"[-0.000000e+00 -2.719388e-05  0.000000e+00  8.477105e-06  8.477105e-06
 -0.000000e+00  2.247800e+03]",0.4,12,0,12,0
[0. 0. 0. 0. 0. 0. 0.],"[-0.000000e+00 -6.798470e-06 -1.359694e-05 -8.477105e-06 -0.000000e+00
  8.477105e-06  2.247800e+03]",0.43333334,13,0,13,0
[0. 0. 0. 0. 0. 0. 0.],"[-6.798470e-06 -1.359694e-05 -6.798470e-06  8.477105e-06 -0.000000e+00
  1.695421e-05  2.247800e+03]",0.46666667,14,0,14,0
[0. 0. 0. 0. 0. 0. 0.],"[-0.000000e+00 -6.798470e-06 -6.798470e-06  8.477105e-06  1.695421e-05
  8.477105e-06  2.247800e+03]",0.5,15,0,15,0
[0. 0. 0. 0. 0. 0. 0.],"[-6.798470e-06 -6.798470e-06  0.000000e+00  8.477105e-06 -8.477105e-06
 -0.000000e+00  2.247800e+03]",0.53333336,16,0,16,0
[0. 0. 0. 0. 0. 0. 0.],"[-0.000000e+00 -0.000000e+00  1.359694e-05 -0.000000e+00  8.477105e-06
  1.695421e-05  2.247800e+03]",0.56666666,17,0,17,0
[0. 0. 0. 0. 0. 0. 0.],"[ 6.798470e-06  6.798470e-06  6.798470e-06  8.477105e-06 -0.000000e+00
  1.695421e-05  2.247800e+03]",0.6,18,0,18,0
[0. 0. 0. 0. 0. 0. 0.],"[ 6.798470e-06 -6.798470e-06  6.798470e-06  8.477105e-06 -0.000000e+00
  8.477105e-06  2.247800e+03]",0.6333333,19,0,19,0
[0. 0. 0. 0. 0. 0. 0.],"[-0.000000e+00 -0.000000e+00  6.798470e-06 -0.000000e+00  1.695421e-05
 -0.000000e+00  2.247800e+03]",0.6666667,20,0,20,0
[0. 0. 0. 0. 0. 0. 0.],"[ 6.798470e-06 -0.000000e+00  0.000000e+00  8.477105e-06  8.477105e-06
 -0.000000e+00  2.247800e+03]",0.7,21,0,21,0
[0. 0. 0. 0. 0. 0. 0.],"[-6.798470e-06 -0.000000e+00  1.359694e-05 -8.477105e-06 -0.000000e+00
 -0.000000e+00  2.247800e+03]",0.73333335,22,0,22,0
[0. 0. 0. 0. 0. 0. 0.],"[ 6.798470e-06 -6.798470e-06  0.000000e+00 -8.477105e-06  1.695421e-05
 -0.000000e+00  2.247800e+03]",0.76666665,23,0,23,0
[0. 0. 0. 0. 0. 0. 0.],"[-6.798470e-06 -1.359694e-05 -6.798470e-06  8.477105e-06 -0.000000e+00
 -0.000000e+00  2.247800e+03]",0.8,24,0,24,0
[0. 0. 0. 0. 0. 0. 0.],"[-0.000000e+00 -6.798470e-06  0.000000e+00 -8.477105e-06  8.477105e-06
 -0.000000e+00  2.247800e+03]",0.8333333,25,0,25,0
[0. 0. 0. 0. 0. 0. 0.],"[-6.798470e-06  6.798470e-06 -6.798470e-06 -1.695421e-05 -0.000000e+00
 -0.000000e+00  2.247800e+03]",0.8666667,26,0,26,0
[0. 0. 0. 0. 0. 0. 0.],"[ 6.798470e-06  6.798470e-06  6.798470e-06 -0.000000e+00  8.477105e-06
 -0.000000e+00  2.247800e+03]",0.9,27,0,27,0
[0. 0. 0. 0. 0. 0. 0.],"[-0.000000e+00 -6.798470e-06  6.798470e-06 -0.000000e+00  1.695421e-05
 -0.000000e+00  2.247800e+03]",0.93333334,28,0,28,0
[0. 0. 0. 0. 0. 0. 0.],"[ 6.798470e-06 -6.798470e-06  0.000000e+00 -8.477105e-06 -0.000000e+00
 -8.477105e-06  2.247800e+03]",0.96666664,29,0,29,0
[0. 0. 0. 0. 0. 0. 0.],"[-0.000000e+00 -0.000000e+00  0.000000e+00 -0.000000e+00 -0.000000e+00
 -8.477105e-06  2.247800e+03]",1.0,30,0,30,0
[0. 0. 0. 0. 0. 0. 0.],"[ 6.798470e-06 -6.798470e-06 -6.798470e-06 -0.000000e+00  8.477105e-06
 -8.477105e-06  2.247800e+03]",1.0333333,31,0,31,0
[0. 0. 0. 0. 0. 0. 0.],"[-0.00000e+00 -0.00000e+00 -6.79847e-06 -0.00000e+00 -0.00000e+00
 -0.00000e+00  2.24780e+03]",1.0666667,32,0,32,0
[0. 0. 0. 0. 0. 0. 0.],"[ 6.798470e-06  6.798470e-06  0.000000e+00  8.477105e-06 -0.000000e+00
  8.477105e-06  2.247800e+03]",1.1,33,0,33,0
[0. 0. 0. 0. 0. 0. 0.],"[-6.798470e-06 -0.000000e+00  0.000000e+00  8.477105e-06 -8.477105e-06
 -0.000000e+00  2.247800e+03]",1.1333333,34,0,34,0
[0. 0. 0. 0. 0. 0. 0.],"[-0.000000e+00 -6.798470e-06  6.798470e-06 -0.000000e+00 -0.000000e+00
 -8.477105e-06  2.247800e+03]",1.1666666,35,0,35,0
[0. 0. 0. 0. 0. 0. 0.],"[-0.000000e+00 -0.000000e+00  0.000000e+00 -8.477105e-06 -8.477105e-06
 -0.000000e+00  2.247800e+03]",1.2,36,0,36,0
[  0.   0. -10.   0.   0.   0.   0.],"[-0.000000e+00  6.798470e-06  1.359694e-05 -8.477105e-06 -0.000000e+00
 -8.477105e-06  2.247800e+03]",1.2333333,37,0,37,0
[  0.   0. -10.   0.   0.   0.   0.],"[-0.000000e+00  6.798470e-06  6.798470e-06  8.477105e-06  8.477105e-06
 -0.000000e+00  2.247800e+03]",1.2666667,38,0,38,0
[  0.   0. -10.   0.   0.   0.   0.],"[-0.000000e+00  3.467220e-04 -3.950591e-02  3.390842e-05 -1.695421e-05
 -8.477105e-06  2.247800e+03]",1.3,39,0,39,0
[  0.   0. -10.   0.   0.   0.   0.],"[-1.0197706e-04  2.3930615e-03 -8.8722080e-01  2.0345052e-04
 -4.2385524e-05  8.4771054e-06  2.2478000e+03]",1.3333334,40,0,40,0
[  0.   0. -10.   0.   0.   0.   0.],"[-2.7193881e-05  8.0901798e-04 -3.6383851e+00 -9.3248156e-05
  8.4771054e-06  8.4771054e-06  2.2478000e+03]",1.3666667,41,0,41,0
[  0.   0. -20.   0.   0.   0.   0.],"[ 1.2237247e-04 -2.1687120e-03 -7.0595655e+00 -5.0862628e-04
  1.1020237e-04 -8.4771054e-06  2.2478000e+03]",1.4,42,0,42,0
[  0.   0. -20.   0.   0.   0.   0.],"[ 1.6316329e-04 -3.2564674e-03 -9.3263454e+00 -5.4253475e-04
  1.6106499e-04 -8.4771054e-06  2.2478000e+03]",1.4333333,43,0,43,0
[  0.   0. -20.   0.   0.   0.   0.],"[ 5.4387761e-05 -2.1075257e-03 -9.9780474e+00 -1.2715657e-04
  1.1867947e-04 -8.4771054e-06  2.2478000e+03]",1.4666667,44,0,44,0
[  0.   0. -20.   0.   0.   0.   0.],"[-6.7984702e-06 -7.6142867e-04 -1.0003079e+01  6.7816844e-05
  7.6293945e-05 -0.0000000e+00  2.2478000e+03]",1.5,45,0,45,0
[  0.   0. -30.   0.   0.   0.   0.],"[-1.0877552e-04  1.3528956e-03 -1.0355770e+01  3.3908419e-04
  1.6954211e-05 -0.0000000e+00  2.2478000e+03]",1.5333333,46,0,46,0
[  0.   0. -30.   0.   0.   0.   0.],"[-1.0877552e-04  1.3528956e-03 -1.2151477e+01  2.0345052e-04
  8.4771054e-06 -0.0000000e+00  2.2478000e+03]",1.5666667,47,0,47,0
[  0.   0. -30.   0.   0.   0.   0.],"[ 2.7193881e-05 -1.4616711e-03 -1.5724522e+01 -3.1365288e-04
  5.9339734e-05 -0.0000000e+00  2.2478000e+03]",1.6,48,0,48,0
[  0.   0. -40.   0.   0.   0.   0.],"[ 1.3596941e-04 -3.3176534e-03 -1.8586916e+01 -5.3405762e-04
  1.1020237e-04  8.4771054e-06  2.2478000e+03]",1.6333333,49,0,49,0
[  0.   0. -40.   0.   0.   0.   0.],"[ 8.1581646e-05 -2.9029469e-03 -1.9911869e+01 -2.7974448e-04
  9.3248156e-05 -8.4771054e-06  2.2478000e+03]",1.6666666,50,0,50,0
[  0.   0. -40.   0.   0.   0.   0.],"[-1.3596940e-05 -1.1217477e-03 -2.0000849e+01  4.2385524e-05
  5.9339734e-05  1.6954211e-05  2.2478000e+03]",1.7,51,0,51,0
[  0.   0. -40.   0.   0.   0.   0.],"[-4.7589292e-05 -2.1075258e-04 -2.0112200e+01  1.7801921e-04
  1.6954211e-05 -0.0000000e+00  2.2478000e+03]",1.7333333,52,0,52,0
[  0.   0. -40.   0.   0.   0.   0.],"[-1.3596941e-04  1.5976406e-03 -2.1445652e+01  2.8822158e-04
 -2.5431314e-05 -0.0000000e+00  2.2478000e+03]",1.7666667,53,0,53,0
[  0.   0. -40.   0.   0.   0.   0.],"[-2.0395411e-05 -5.5067608e-04 -2.4603018e+01 -1.6954209e-04
  3.3908422e-05 -0.0000000e+00  2.2478000e+03]",1.8,54,0,54,0
[  0.   0. -40.   0.   0.   0.   0.],"[ 1.0197706e-04 -2.8757530e-03 -2.7775919e+01 -5.0862628e-04
  7.6293945e-05  8.4771054e-06  2.2478000e+03]",1.8333334,55,0,55,0
[  0.   0. -40.   0.   0.   0.   0.],"[ 1.0877552e-04 -3.3312505e-03 -2.9621092e+01 -4.4080947e-04
  8.4771047e-05 -0.0000000e+00  2.2478000e+03]",1.8666667,56,0,56,0
[  0.   0. -40.   0.   0.   0.   0.],"[ 6.7984702e-06 -1.7811992e-03 -2.9998020e+01 -3.3908422e-05
  5.9339734e-05 -8.4771054e-06  2.2478000e+03]",1.9,57,0,57,0
[  0.   0. -40.  10.   0.   0.   0.],"[-2.0395411e-05 -9.5178583e-04 -3.0032665e+01  8.4771047e-05
  3.3908422e-05 -8.4771054e-06  2.2478000e+03]",1.9333333,58,0,58,0
[  0.   0. -40.  10.   0.   0.   0.],"[-1.2917093e-04  1.5772451e-03 -3.0756470e+01  3.5603842e-04
 -1.6954211e-05 -0.0000000e+00  2.2478000e+03]",1.9666667,59,0,59,0
[  0.   0. -40.  10.   0.   0.   0.],"[-5.4387761e-05  5.6427304e-04 -3.3372013e+01  4.2385524e-05
  8.4771054e-06  8.4771054e-06  2.2478000e+03]",2.0,60,0,60,0
[  0.   0. -40.  10.   0.   0.   0.],"[ 7.4783173e-05 -2.1823091e-03 -3.6803825e+01 -3.8994683e-04
  5.0862629e-05 -8.4771054e-06  2.2478000e+03]",2.0333333,61,0,61,0
[  0.   0. -40.  10.   0.   0.   0.],"[ 9.5178584e-05 -3.1748856e-03 -3.9326363e+01 -5.0014921e-04
  9.3248156e-05 -0.0000000e+00  2.2478000e+03]",2.0666666,62,0,62,0
[  0.   0. -40.  10.   0.   0.   0.],"[ 2.0395411e-05 -2.2230998e-03 -3.9987026e+01 -1.1867947e-04
  6.7816844e-05 -8.4771054e-06  2.2478000e+03]",2.1,63,0,63,0
[  0.   0. -40.  10.   0.   0.   0.],"[-2.0395411e-05 -1.2645154e-03 -4.0000603e+01  3.4756132e-04
  4.2385524e-05 -0.0000000e+00  2.2478000e+03]",2.1333334,64,0,64,0
[  0.   0. -40.  10.   0.   0.   0.],"[ 2.7193881e-05 -1.4208803e-03 -4.0000248e+01  1.2109206e+00
  4.2385524e-05 -8.4771054e-06  2.2478000e+03]",2.1666667,65,0,65,0
[  0.   0. -40.  10.   0.   0.   0.],"[-1.3596940e-05 -6.3225772e-04 -3.9999760e+01  6.2376657e+00
 -5.0862629e-05 -8.4771054e-06  2.2478000e+03]",2.2,66,0,66,0
[  0.   0. -40.  10.   0.   0.   0.],"[-6.7984707e-05  5.0988526e-04 -3.9999847e+01  9.6864824e+00
 -6.7816844e-05  8.4771054e-06  2.2478000e+03]",2.2333333,67,0,67,0
[  0.   0. -40.  10.   0.   0.   0.],"[-2.7193881e-05 -2.0395411e-05 -4.0000038e+01  1.0002560e+01
 -5.0862629e-05 -0.0000000e+00  2.2478000e+03]",2.2666667,68,0,68,0
[  0.   0. -40.  10.   0.   0.   0.],"[-1.3596940e-05 -2.0395411e-05 -4.0000011e+01  1.0000916e+01
 -4.2385524e-05 -0.0000000e+00  2.2478000e+03]",2.3,69,0,69,0
[  0.   0. -40.  10.   0.   0.   0.],"[-6.7984702e-06 -6.7984702e-06 -4.0000004e+01  1.0000203e+01
 -4.2385524e-05 -0.0000000e+00  2.2478000e+03]",2.3333333,70,0,70,0
[  0.   0. -40.  10.   0.   0.   0.],"[-6.7984702e-06 -1.3596940e-05 -4.0000004e+01  1.0000026e+01
 -2.5431314e-05  8.4771054e-06  2.2478000e+03]",2.3666666,71,0,71,0
[  0.   0. -40.  10.   0.   0.   0.],"[-0.0000000e+00 -2.0395411e-05 -3.9999996e+01  1.0000000e+01
 -3.3908422e-05 -0.0000000e+00  2.2478000e+03]",2.4,72,0,72,0
[  0.   0. -40.  10.   0.   0.   0.],"[-1.3596940e-05  6.7984702e-06 -3.9999996e+01  1.0000000e+01
 -1.6954211e-05 -0.0000000e+00  2.2478000e+03]",2.4333334,73,0,73,0
[  0.   0. -40.  10.   0.   0.   0.],"[ 6.7984702e-06 -6.7984702e-06 -3.9999996e+01  9.9999828e+00
 -2.5431314e-05 -8.4771054e-06  2.2478000e+03]",2.4666667,74,0,74,0
[  0.   0. -40.  10.   0.   0.   0.],"[-6.798470e-06 -0.000000e+00 -3.999999e+01  9.999983e+00 -0.000000e+00
  8.477105e-06  2.247800e+03]",2.5,75,0,75,0
[  0.   0. -40.  10.   0.   0.   0.],"[-0.0000000e+00 -0.0000000e+00 -3.9999996e+01  1.0000000e+01
  8.4771054e-06  8.4771054e-06  2.2478000e+03]",2.5333333,76,0,76,0
[  0.   0. -40.  10.   0.   0.   0.],"[-6.7984702e-06 -1.3596940e-05 -4.0000004e+01  9.9999914e+00
 -8.4771054e-06  8.4771054e-06  2.2478000e+03]",2.5666666,77,0,77,0
[  0.   0. -40.  10.   0.   0.   0.],"[-6.7984702e-06 -6.7984702e-06 -3.9999996e+01  1.0000000e+01
 -0.0000000e+00 -0.0000000e+00  2.2478000e+03]",2.6,78,0,78,0
[  0.   0. -40.  10.   0.   0.   0.],"[-0.0000000e+00 -0.0000000e+00 -3.9999996e+01  1.0000009e+01
 -8.4771054e-06 -8.4771054e-06  2.2478000e+03]",2.6333334,79,0,79,0
[  0.   0. -40.  10.   0.   0.   0.],"[-0.0000000e+00 -1.3596940e-05 -3.9999985e+01  9.9999914e+00
 -0.0000000e+00 -0.0000000e+00  2.2478000e+03]",2.6666667,80,0,80,0
[  0.   0. -40.  10.   0.   0.   0.],"[-0.0000000e+00 -0.0000000e+00 -4.0000004e+01  1.0000000e+01
 -8.4771054e-06 -0.0000000e+00  2.2478000e+03]",2.7,81,0,81,0
[  0.   0. -40.  10.   0.   0.   0.],"[-6.7984702e-06 -0.0000000e+00 -3.9999989e+01  1.0000009e+01
 -0.0000000e+00 -0.0000000e+00  2.2478000e+03]",2.7333333,82,0,82,0
[  0.   0. -40.  10.   0.   0.   0.],"[-6.7984702e-06 -0.0000000e+00 -3.9999996e+01  1.0000000e+01
 -0.0000000e+00 -8.4771054e-06  2.2478000e+03]",2.7666667,83,0,83,0
[  0.   0. -40.  10.   0.   0.   0.],"[-0.0000000e+00 -0.0000000e+00 -4.0000004e+01  9.9999914e+00
  8.4771054e-06 -0.0000000e+00  2.2478000e+03]",2.8,84,0,84,0
[  0.   0. -40.  10.   0.   0.   0.],"[-0.000000e+00 -0.000000e+00 -3.999999e+01  1.000000e+01 -8.477105e-06
  8.477105e-06  2.247800e+03]",2.8333333,85,0,85,0
[  0.   0. -40.  10.   0.   0.   0.],"[-6.7984702e-06 -0.0000000e+00 -3.9999989e+01  1.0000017e+01
 -1.6954211e-05 -0.0000000e+00  2.2478000e+03]",2.8666666,86,0,86,0
[  0.   0. -40.  10.   0.   0.   0.],"[ 6.798470e-06 -0.000000e+00 -4.000001e+01  1.000000e+01 -8.477105e-06
 -8.477105e-06  2.247800e+03]",2.9,87,0,87,0
[  0.   0. -40.  10.   0.   0. -10.],"[-0.0000000e+00 -0.0000000e+00 -3.9999996e+01  1.0000000e+01
 -1.6954211e-05 -0.0000000e+00  2.2478000e+03]",2.9333334,88,0,88,0
[  0.   0. -40.  10.   0.   0. -10.],"[-0.000000e+00 -6.798470e-06 -3.999999e+01  9.999991e+00 -0.000000e+00
  8.477105e-06  2.247800e+03]",2.9666667,89,0,89,0
[  0.   0. -40.  10.   0.   0. -10.],"[-1.3596940e-05 -0.0000000e+00 -3.9999985e+01  9.9999914e+00
 -8.4771054e-06 -8.4771054e-06  2.2478000e+03]",3.0,90,0,90,0
[  0.   0. -40.  10.   0.   0. -10.],"[ 6.7984702e-06 -0.0000000e+00 -4.0000004e+01  9.9999914e+00
 -0.0000000e+00  8.4771054e-06  2.1826001e+03]",3.0333333,91,0,91,0
[  0.   0. -40.  10.   0.   0. -10.],"[ 6.7984702e-06 -0.0000000e+00 -3.9999996e+01  1.0000000e+01
  8.4771054e-06 -8.4771054e-06  2.1551001e+03]",3.0666666,92,0,92,0
[  0.   0. -40.  10.   0.   0. -20.],"[ 6.7984702e-06 -0.0000000e+00 -3.9999996e+01  9.9999914e+00
 -8.4771054e-06 -0.0000000e+00  2.1497000e+03]",3.1,93,0,93,0
[  0.   0. -40.  10.   0.   0. -20.],"[ 6.7984702e-06 -6.7984702e-06 -3.9999989e+01  1.0000009e+01
 -0.0000000e+00 -0.0000000e+00  2.1497000e+03]",3.1333334,94,0,94,0
[  0.   0. -40.  10.   0.   0. -30.],"[-0.0000000e+00 -0.0000000e+00 -3.9999996e+01  1.0000000e+01
  8.4771054e-06  8.4771054e-06  2.1497000e+03]",3.1666667,95,0,95,0
[  0.   0. -40.  10.   0.   0. -30.],"[-1.3596940e-05  6.7984702e-06 -3.9999996e+01  1.0000000e+01
 -0.0000000e+00  8.4771054e-06  2.0862000e+03]",3.2,96,0,96,0
[  0.   0. -40.  10.   0.   0. -40.],"[-0.0000000e+00 -0.0000000e+00 -3.9999996e+01  1.0000000e+01
  8.4771054e-06 -0.0000000e+00  2.0563000e+03]",3.2333333,97,0,97,0
[  0.   0. -40.  10.   0.   0. -40.],"[-0.0000000e+00  6.7984702e-06 -3.9999996e+01  1.0000000e+01
 -0.0000000e+00 -0.0000000e+00  1.9819000e+03]",3.2666667,98,0,98,0
[  0.   0. -40.  10.   0.   0. -50.],"[-0.0000000e+00 -6.7984702e-06 -4.0000004e+01  1.0000000e+01
 -0.0000000e+00 -8.4771054e-06  1.9566000e+03]",3.3,99,0,99,0
[  0.   0. -40.  10.   0.   0. -60.],"[-0.0000000e+00  6.7984702e-06 -3.9999996e+01  1.0000000e+01
 -1.6954211e-05 -0.0000000e+00  1.8945000e+03]",3.3333333,100,0,100,0
[  0.   0. -40.  10.   0.   0. -60.],"[-0.0000000e+00  2.0395411e-05 -3.9999996e+01  1.0000009e+01
 -0.0000000e+00 -0.0000000e+00  1.8563000e+03]",3.3666666,101,0,101,0
[  0.   0. -40.  10.   0.   0. -70.],"[ 6.7984702e-06 -0.0000000e+00 -4.0000004e+01  1.0000000e+01
  8.4771054e-06 -8.4771054e-06  1.7872000e+03]",3.4,102,0,102,0
[  0.   0. -40.  10.   0.   0. -70.],"[-0.0000000e+00  6.7984702e-06 -4.0000004e+01  1.0000000e+01
 -0.0000000e+00  8.4771054e-06  1.7116000e+03]",3.4333334,103,0,103,0
[  0.   0. -40.  10.   0.   0. -80.],"[-1.3596940e-05 -0.0000000e+00 -3.9999996e+01  1.0000000e+01
 -0.0000000e+00 -8.4771054e-06  1.6610000e+03]",3.4666667,104,0,104,0
[  0.   0. -40.  10.   0.   0. -90.],"[-6.7984702e-06 -1.3596940e-05 -4.0000004e+01  9.9999914e+00
 -8.4771054e-06 -8.4771054e-06  1.5910000e+03]",3.5,105,0,105,0
[  0.   0. -40.  10.   0.   0. -90.],"[-0.0000000e+00 -0.0000000e+00 -4.0000004e+01  1.0000000e+01
  8.4771054e-06 -0.0000000e+00  1.5571000e+03]",3.5333333,106,0,106,0
[   0.    0.  -40.   10.    0.    0. -100.],"[-0.000000e+00 -6.798470e-06 -3.999999e+01  1.000000e+01 -8.477105e-06
 -0.000000e+00  1.488200e+03]",3.5666666,107,0,107,0
[   0.    0.  -40.   10.    0.    0. -100.],"[ 6.7984702e-06 -1.3596940e-05 -3.9999996e+01  1.0000009e+01
 -0.0000000e+00  8.4771054e-06  1.4119000e+03]",3.6,108,0,108,0
[   0.    0.  -40.   10.    0.    0. -110.],"[  -0.         -0.        -39.99999    10.000009   -0.         -0.
 1360.9     ]",3.6333334,109,0,109,0
[   0.    0.  -40.   10.    0.    0. -120.],"[-6.7984702e-06 -6.7984702e-06 -3.9999989e+01  1.0000009e+01
 -0.0000000e+00 -8.4771054e-06  1.2915000e+03]",3.6666667,110,0,110,0
[   0.    0.  -40.   10.    0.    0. -120.],"[-6.7984702e-06 -0.0000000e+00 -4.0000004e+01  1.0000000e+01
 -0.0000000e+00 -0.0000000e+00  1.2564000e+03]",3.7,111,0,111,0
[   0.    0.  -40.   10.    0.    0. -130.],"[-0.0000000e+00  6.7984702e-06 -4.0000004e+01  1.0000009e+01
 -0.0000000e+00  8.4771054e-06  1.1952000e+03]",3.7333333,112,0,112,0
[   0.    0.  -40.   10.    0.    0. -130.],"[-0.0000000e+00 -6.7984702e-06 -4.0000004e+01  1.0000009e+01
 -0.0000000e+00 -8.4771054e-06  1.1237000e+03]",3.7666667,113,0,113,0
[   0.    0.  -40.   10.    0.    0. -140.],"[-0.0000000e+00  6.7984702e-06 -4.0000004e+01  1.0000009e+01
  8.4771054e-06  8.4771054e-06  1.0607000e+03]",3.8,114,0,114,0
[   0.    0.  -40.   10.    0.    0. -140.],"[ 6.798470e-06  6.798470e-06 -3.999999e+01  1.000000e+01  8.477105e-06
 -0.000000e+00  9.910000e+02]",3.8333333,115,0,115,0
[   0.    0.  -40.   10.    0.    0. -150.],"[-0.0000000e+00  1.3596940e-05 -3.9999996e+01  1.0000009e+01
 -0.0000000e+00 -0.0000000e+00  9.5759998e+02]",3.8666666,116,0,116,0
[   0.    0.  -40.   10.    0.    0. -150.],"[-1.359694e-05  6.798470e-06 -3.999999e+01  1.000000e+01  8.477105e-06
 -1.695421e-05  8.892000e+02]",3.9,117,0,117,0
[   0.    0.  -40.   10.    0.    0. -150.],"[-6.7984702e-06 -0.0000000e+00 -4.0000004e+01  9.9999914e+00
  8.4771054e-06  8.4771054e-06  8.5709998e+02]",3.9333334,118,0,118,0
[   0.    0.  -40.   10.    0.    0. -150.],"[-6.7984702e-06 -0.0000000e+00 -4.0000004e+01  1.0000000e+01
 -0.0000000e+00 -0.0000000e+00  7.8870001e+02]",3.9666667,119,0,119,0
[   0.    0.  -40.   10.    0.    0. -150.],"[-0.0000000e+00 -0.0000000e+00 -4.0000004e+01  1.0000000e+01
 -0.0000000e+00 -8.4771054e-06  7.5600000e+02]",4.0,120,0,120,0
[   0.    0.  -40.   10.    0.    0. -150.],"[-1.359694e-05  1.359694e-05 -3.999999e+01  1.000000e+01 -0.000000e+00
  8.477105e-06  7.525000e+02]",4.0333333,121,0,121,0
[   0.    0.  -40.   10.    0.    0. -150.],"[-0.0000000e+00 -0.0000000e+00 -3.9999996e+01  9.9999828e+00
 -1.6954211e-05 -8.4771054e-06  7.5250000e+02]",4.0666666,122,0,122,0
[   0.    0.  -40.   10.    0.    0. -150.],"[-0.0000000e+00  6.7984702e-06 -3.9999996e+01  1.0000009e+01
 -0.0000000e+00 -0.0000000e+00  7.5250000e+02]",4.1,123,0,123,0
[   0.    0.  -40.   10.    0.    0. -150.],"[-0.0000000e+00 -0.0000000e+00 -4.0000004e+01  1.0000000e+01
 -8.4771054e-06  1.6954211e-05  7.5250000e+02]",4.133333,124,0,124,0
[   0.    0.  -40.   10.    0.    0. -150.],"[-6.7984702e-06 -6.7984702e-06 -4.0000004e+01  1.0000000e+01
  1.6954211e-05  8.4771054e-06  7.5250000e+02]",4.1666665,125,0,125,0
[   0.    0.  -40.   10.    0.    0. -150.],"[ -0.        -0.       -39.999996  10.        -0.        -0.
 752.5     ]",4.2,126,0,126,0
[   0.    0.  -40.   10.    0.    0. -150.],"[-0.0000000e+00 -6.7984702e-06 -3.9999996e+01  1.0000009e+01
  8.4771054e-06 -8.4771054e-06  7.5250000e+02]",4.233333,127,0,127,0
[   0.    0.  -40.   10.    0.    0. -150.],"[ 1.359694e-05  1.359694e-05 -3.999999e+01  9.999991e+00 -0.000000e+00
 -0.000000e+00  7.525000e+02]",4.266667,128,0,128,0
[   0.    0.  -40.   10.    0.    0. -150.],"[-1.3596940e-05 -0.0000000e+00 -3.9999996e+01  9.9999914e+00
  8.4771054e-06  8.4771054e-06  7.5250000e+02]",4.3,129,0,129,0
[   0.    0.  -40.   10.    0.    0. -150.],"[-6.7984702e-06 -0.0000000e+00 -4.0000004e+01  9.9999914e+00
 -1.6954211e-05 -0.0000000e+00  7.5250000e+02]",4.3333335,130,0,130,0
[   0.    0.  -40.   10.    0.    0. -150.],"[-0.0000000e+00 -0.0000000e+00 -3.9999996e+01  1.0000000e+01
 -8.4771054e-06  8.4771054e-06  7.5250000e+02]",4.366667,131,0,131,0
[   0.    0.  -40.   10.    0.    0. -150.],"[-0.0000000e+00 -1.3596940e-05 -3.9999989e+01  1.0000009e+01
 -0.0000000e+00 -0.0000000e+00  7.5250000e+02]",4.4,132,0,132,0
[   0.    0.  -40.   10.    0.    0. -150.],"[ 6.7984702e-06 -0.0000000e+00 -3.9999996e+01  1.0000000e+01
 -0.0000000e+00 -0.0000000e+00  7.5250000e+02]",4.4333334,133,0,133,0
[   0.    0.  -40.   10.    0.    0. -150.],"[ 6.7984702e-06 -0.0000000e+00 -3.9999996e+01  9.9999914e+00
 -0.0000000e+00  8.4771054e-06  7.5250000e+02]",4.4666667,134,0,134,0
[   0.    0.  -40.   10.    0.    0. -150.],"[-0.0000000e+00 -1.3596940e-05 -3.9999989e+01  1.0000009e+01
 -0.0000000e+00 -0.0000000e+00  7.5250000e+02]",4.5,135,0,135,0
[   0.    0.  -40.   10.    0.    0. -150.],"[-6.7984702e-06  6.7984702e-06 -3.9999996e+01  1.0000000e+01
 -8.4771054e-06 -0.0000000e+00  7.5250000e+02]",4.5333333,136,0,136,0
[   0.    0.  -40.   10.    0.    0. -150.],"[-6.7984702e-06 -0.0000000e+00 -3.9999996e+01  1.0000000e+01
  8.4771054e-06  8.4771054e-06  7.5250000e+02]",4.5666666,137,0,137,0
[   0.    0.  -40.   10.    0.    0. -150.],"[ 6.7984702e-06  6.7984702e-06 -3.9999989e+01  1.0000009e+01
 -0.0000000e+00 -8.4771054e-06  7.5250000e+02]",4.6,138,0,138,0
[   0.    0.  -40.   10.    0.    0. -150.],"[-0.0000000e+00  6.7984702e-06 -3.9999996e+01  1.0000017e+01
 -0.0000000e+00  8.4771054e-06  7.5250000e+02]",4.633333,139,0,139,0
[   0.    0.  -40.   10.    0.    0. -140.],"[ 6.7984702e-06 -6.7984702e-06 -3.9999996e+01  1.0000000e+01
 -0.0000000e+00 -0.0000000e+00  7.5250000e+02]",4.6666665,140,0,140,0
[   0.    0.  -40.   10.    0.    0. -140.],"[-6.7984702e-06  6.7984702e-06 -4.0000004e+01  1.0000000e+01
  8.4771054e-06 -8.4771054e-06  7.5250000e+02]",4.7,141,0,141,0
[   0.    0.  -40.   10.    0.    0. -130.],"[ 6.798470e-06 -6.798470e-06 -3.999999e+01  9.999991e+00 -0.000000e+00
  1.695421e-05  7.525000e+02]",4.733333,142,0,142,0
[   0.    0.  -40.   10.    0.    0. -130.],"[-6.7984702e-06  6.7984702e-06 -4.0000004e+01  9.9999914e+00
 -0.0000000e+00 -0.0000000e+00  8.1820001e+02]",4.766667,143,0,143,0
[   0.    0.  -40.   10.    0.    0. -130.],"[-0.0000000e+00  6.7984702e-06 -3.9999996e+01  1.0000000e+01
  8.4771054e-06 -0.0000000e+00  8.4629999e+02]",4.8,144,0,144,0
[   0.    0.  -40.   10.    0.    0. -130.],"[ 6.7984702e-06 -6.7984702e-06 -4.0000004e+01  1.0000000e+01
 -0.0000000e+00 -0.0000000e+00  9.0770001e+02]",4.8333335,145,0,145,0
[   0.    0.  -40.   10.    0.    0. -130.],"[-0.0000000e+00 -0.0000000e+00 -3.9999996e+01  1.0000000e+01
 -8.4771054e-06 -0.0000000e+00  9.4550000e+02]",4.866667,146,0,146,0
[   0.    0.  -40.   10.    0.    0. -130.],"[ 6.7984702e-06  1.3596940e-05 -3.9999996e+01  1.0000009e+01
 -8.4771054e-06  8.4771054e-06  9.5020001e+02]",4.9,147,0,147,0
[   0.    0.  -40.   10.    0.    0. -130.],"[-0.000000e+00 -0.000000e+00 -3.999999e+01  1.000000e+01 -0.000000e+00
 -8.477105e-06  9.502000e+02]",4.9333334,148,0,148,0
[   0.    0.  -40.   10.    0.    0. -130.],"[-0.000000e+00  6.798470e-06 -3.999999e+01  1.000000e+01 -0.000000e+00
 -8.477105e-06  9.502000e+02]",4.9666667,149,0,149,0
[   0.    0.  -40.   10.    0.    0. -130.],"[-1.359694e-05 -0.000000e+00 -3.999999e+01  9.999991e+00 -0.000000e+00
 -0.000000e+00  9.502000e+02]",5.0,150,0,150,0
[   0.    0.  -40.   10.    0.    0. -120.],"[-0.0000000e+00 -0.0000000e+00 -3.9999996e+01  9.9999914e+00
 -0.0000000e+00  8.4771054e-06  9.5020001e+02]",5.0333333,151,0,151,0
[   0.    0.  -40.   10.    0.    0. -120.],"[ 6.798470e-06 -6.798470e-06 -3.999999e+01  9.999991e+00  1.695421e-05
 -0.000000e+00  9.502000e+02]",5.0666666,152,0,152,0
[   0.    0.  -40.   10.    0.    0. -120.],"[-6.7984702e-06  6.7984702e-06 -3.9999996e+01  1.0000000e+01
 -0.0000000e+00 -0.0000000e+00  9.5020001e+02]",5.1,153,0,153,0
[   0.    0.  -40.   10.    0.    0. -120.],"[-0.0000000e+00  6.7984702e-06 -3.9999989e+01  1.0000009e+01
  8.4771054e-06 -0.0000000e+00  1.0197000e+03]",5.133333,154,0,154,0
[   0.    0.  -40.   10.    0.    0. -120.],"[-6.798470e-06 -0.000000e+00 -3.999999e+01  9.999991e+00 -8.477105e-06
 -0.000000e+00  1.043800e+03]",5.1666665,155,0,155,0
[   0.    0.  -40.   10.    0.    0. -120.],"[ 6.798470e-06 -0.000000e+00 -3.999999e+01  9.999991e+00 -0.000000e+00
 -0.000000e+00  1.048100e+03]",5.2,156,0,156,0
[   0.    0.  -40.   10.    0.    0. -120.],"[-0.0000000e+00 -0.0000000e+00 -3.9999996e+01  1.0000000e+01
  8.4771054e-06 -0.0000000e+00  1.0481000e+03]",5.233333,157,0,157,0
[   0.    0.  -40.   10.    0.    0. -120.],"[-6.798470e-06  6.798470e-06 -3.999999e+01  1.000000e+01 -0.000000e+00
 -8.477105e-06  1.048100e+03]",5.266667,158,0,158,0
[   0.    0.  -40.   10.    0.    0. -130.],"[-6.7984702e-06 -0.0000000e+00 -3.9999996e+01  1.0000000e+01
 -0.0000000e+00 -0.0000000e+00  1.0481000e+03]",5.3,159,0,159,0
[   0.    0.  -40.   10.    0.    0. -130.],"[ 6.7984702e-06  6.7984702e-06 -3.9999996e+01  1.0000009e+01
 -0.0000000e+00 -0.0000000e+00  1.0481000e+03]",5.3333335,160,0,160,0
[   0.    0.  -40.   10.    0.    0. -130.],"[-0.0000000e+00 -6.7984702e-06 -4.0000004e+01  9.9999914e+00
  8.4771054e-06  8.4771054e-06  1.0481000e+03]",5.366667,161,0,161,0
[   0.    0.  -40.   10.    0.    0. -130.],"[ 6.7984702e-06  6.7984702e-06 -3.9999985e+01  1.0000000e+01
  1.6954211e-05 -0.0000000e+00  9.8150000e+02]",5.4,162,0,162,0
[   0.    0.  -40.   10.    0.    0. -130.],"[ 6.7984702e-06 -6.7984702e-06 -4.0000004e+01  1.0000000e+01
 -0.0000000e+00  8.4771054e-06  9.5320001e+02]",5.4333334,163,0,163,0
[   0.    0.  -40.   10.    0.    0. -130.],"[-6.7984702e-06 -0.0000000e+00 -3.9999996e+01  1.0000009e+01
 -0.0000000e+00  8.4771054e-06  9.5020001e+02]",5.4666667,164,0,164,0
[   0.    0.  -40.   10.    0.    0. -130.],"[-0.0000000e+00 -6.7984702e-06 -3.9999989e+01  1.0000009e+01
  8.4771054e-06 -0.0000000e+00  9.5020001e+02]",5.5,165,0,165,0
[   0.    0.  -40.   10.    0.    0. -130.],"[ -0.        -0.       -40.000004  10.        -0.        -0.
 950.2     ]",5.5333333,166,0,166,0
[   0.    0.  -40.   10.    0.    0. -130.],"[ 6.7984702e-06 -0.0000000e+00 -3.9999996e+01  1.0000000e+01
 -0.0000000e+00  8.4771054e-06  9.5020001e+02]",5.5666666,167,0,167,0
[   0.    0.  -40.   10.    0.    0. -130.],[ -0.       -0.      -39.99999  10.       -0.       -0.      950.2    ],5.6,168,0,168,0
[   0.    0.  -40.   10.    0.    0. -130.],"[-0.0000000e+00 -0.0000000e+00 -4.0000004e+01  9.9999914e+00
  8.4771054e-06  8.4771054e-06  9.5020001e+02]",5.633333,169,0,169,0
[   0.    0.  -40.   10.    0.    0. -130.],"[-6.7984702e-06 -0.0000000e+00 -3.9999996e+01  1.0000009e+01
 -8.4771054e-06 -0.0000000e+00  9.5020001e+02]",5.6666665,170,0,170,0
[   0.    0.  -40.   10.    0.    0. -130.],"[-6.798470e-06 -6.798470e-06 -3.999999e+01  1.000000e+01 -8.477105e-06
 -0.000000e+00  9.502000e+02]",5.7,171,0,171,0
[   0.    0.  -40.   10.    0.    0. -130.],"[-0.0000000e+00  6.7984702e-06 -4.0000004e+01  9.9999914e+00
  8.4771054e-06 -1.6954211e-05  9.5020001e+02]",5.733333,172,0,172,0
[   0.    0.  -40.   10.    0.    0. -130.],"[-0.0000000e+00 -6.7984702e-06 -3.9999996e+01  1.0000009e+01
 -8.4771054e-06 -8.4771054e-06  9.5020001e+02]",5.766667,173,0,173,0
[   0.    0.  -40.   10.    0.    0. -130.],"[ 6.7984702e-06 -0.0000000e+00 -3.9999996e+01  1.0000000e+01
 -8.4771054e-06 -0.0000000e+00  9.5020001e+02]",5.8,174,0,174,0
[   0.    0.  -40.   10.    0.    0. -130.],"[ 1.3596940e-05  6.7984702e-06 -3.9999996e+01  9.9999828e+00
 -0.0000000e+00  8.4771054e-06  9.5020001e+02]",5.8333335,175,0,175,0
[   0.    0.  -40.   10.    0.    0. -130.],"[ 6.7984702e-06 -0.0000000e+00 -4.0000004e+01  1.0000000e+01
 -8.4771054e-06 -0.0000000e+00  9.5020001e+02]",5.866667,176,0,176,0
[   0.    0.  -40.   10.    0.    0. -130.],"[ 1.3596940e-05 -0.0000000e+00 -3.9999996e+01  1.0000000e+01
 -0.0000000e+00 -8.4771054e-06  9.5020001e+02]",5.9,177,0,177,0
[   0.   10.  -40.   10.    0.    0. -130.],"[ -0.        -0.       -40.000004  10.        -0.        -0.
 950.2     ]",5.9333334,178,0,178,0
[   0.   10.  -40.   10.    0.    0. -130.],"[-6.7984702e-06 -0.0000000e+00 -3.9999996e+01  1.0000009e+01
 -8.4771054e-06 -0.0000000e+00  9.5020001e+02]",5.9666667,179,0,179,0
[   0.   10.  -40.   10.    0.    0. -130.],"[ 5.4387761e-05  3.0960234e-02 -4.0000114e+01  9.9998894e+00
 -0.0000000e+00  8.4771054e-06  9.5020001e+02]",6.0,180,0,180,0
[   0.   10.  -40.   10.    0.    0. -130.],"[ 4.3510209e-04  8.1365454e-01 -4.0000446e+01  9.9992714e+00
  1.0172526e-04 -0.0000000e+00  9.5020001e+02]",6.0333333,181,0,181,0
[   0.   10.  -40.   10.    0.    0. -130.],"[ 1.2917093e-04  3.3685334e+00 -3.9999683e+01  9.9999657e+00
  5.0862629e-05 -0.0000000e+00  9.5020001e+02]",6.0666666,182,0,182,0
[   0.   10.  -40.   10.    0.    0. -130.],"[-5.0988526e-04  6.9348955e+00 -3.9999195e+01  1.0000822e+01
 -7.6293945e-05 -0.0000000e+00  9.5020001e+02]",6.1,183,0,183,0
[   0.   10.  -40.   10.    0.    0. -130.],"[-7.8862254e-04  9.3313293e+00 -3.9999596e+01  1.0000898e+01
 -1.4411079e-04  8.4771054e-06  9.5020001e+02]",6.133333,184,0,184,0
[   0.   10.  -40.   10.    0.    0. -130.],"[-1.0877552e-04  9.9861708e+00 -4.0000500e+01  9.9998732e+00
 -9.3248156e-05 -0.0000000e+00  9.5020001e+02]",6.1666665,185,0,185,0
[   0.   10.  -40.   10.    0.    0. -130.],"[ 1.6996176e-04  1.0003337e+01 -4.0000237e+01  9.9997368e+00
 -2.5431314e-05 -8.4771054e-06  9.5020001e+02]",6.2,186,0,186,0
[   0.   10.  -40.   10.    0.    0. -130.],"[ 1.2917093e-04  1.0003024e+01 -4.0000080e+01  9.9998131e+00
 -3.3908422e-05 -0.0000000e+00  9.5020001e+02]",6.233333,187,0,187,0
[   0.   10.  -40.   10.    0.    0. -130.],"[ 8.1581646e-05  1.0002658e+01 -4.0000011e+01  9.9998894e+00
 -2.5431314e-05  8.4771054e-06  9.5020001e+02]",6.266667,188,0,188,0
[   0.   10.  -40.   10.    0.    0. -130.],"[ 6.7984707e-05  1.0002113e+01 -4.0000019e+01  9.9999151e+00
 -1.6954211e-05 -8.4771054e-06  9.5020001e+02]",6.3,189,0,189,0
[   0.   10.  -40.   10.    0.    0. -130.],"[ 4.0790823e-05  1.0001876e+01 -4.0000031e+01  9.9999495e+00
 -8.4771054e-06 -8.4771054e-06  9.5020001e+02]",6.3333335,190,0,190,0
[   0.   10.  -40.   10.    0.    0. -130.],"[ 4.7589292e-05  1.0001733e+01 -4.0000004e+01  9.9999743e+00
 -8.4771054e-06 -0.0000000e+00  9.5020001e+02]",6.366667,191,0,191,0
[   0.   10.  -40.   10.    0.    0. -130.],"[ 1.3596940e-05  1.0001529e+01 -3.9999989e+01  1.0000000e+01
 -0.0000000e+00  8.4771054e-06  9.5020001e+02]",6.4,192,0,192,0
[   0.   10.  -40.   10.    0.    0. -130.],"[ 2.719388e-05  1.000127e+01 -3.999999e+01  1.000000e+01  8.477105e-06
  8.477105e-06  9.502000e+02]",6.4333334,193,0,193,0
[   0.   10.  -40.   10.    0.    0. -130.],"[-1.3596940e-05  1.0001074e+01 -3.9999996e+01  9.9999914e+00
 -1.6954211e-05  8.4771054e-06  9.5020001e+02]",6.4666667,194,0,194,0
[   0.   10.  -40.   10.    0.    0. -130.],"[-1.3596940e-05  1.0000863e+01 -3.9999996e+01  1.0000026e+01
 -0.0000000e+00  1.6954211e-05  9.5020001e+02]",6.5,195,0,195,0
[   0.   10.  -40.   10.    0.    0. -130.],"[-0.0000000e+00  1.0000692e+01 -4.0000004e+01  1.0000000e+01
  8.4771054e-06 -0.0000000e+00  9.5020001e+02]",6.5333333,196,0,196,0
[   0.   10.  -40.   10.    0.    0. -130.],"[ -0.        10.000557 -40.00002   10.        -0.        -0.
 950.2     ]",6.5666666,197,0,197,0
[   0.   10.  -40.   10.    0.    0. -130.],"[-0.0000000e+00  1.0000468e+01 -4.0000019e+01  1.0000000e+01
 -0.0000000e+00 -8.4771054e-06  9.5020001e+02]",6.6,198,0,198,0
[   0.   10.  -40.   10.    0.    0. -130.],"[ 6.7984702e-06  1.0000427e+01 -4.0000004e+01  9.9999914e+00
 -0.0000000e+00  8.4771054e-06  9.5020001e+02]",6.633333,199,0,199,0
[   0.   10.  -40.   10.    0.    0. -130.],"[ 6.7984702e-06  1.0000373e+01 -4.0000004e+01  1.0000009e+01
 -0.0000000e+00 -0.0000000e+00  9.5020001e+02]",6.6666665,200,0,200,0
[   0.   10.  -40.   10.    0.    0. -130.],"[ 6.7984702e-06  1.0000312e+01 -3.9999989e+01  1.0000017e+01
  8.4771054e-06  8.4771054e-06  9.5020001e+02]",6.7,201,0,201,0
[   0.   10.  -40.   10.    0.    0. -130.],"[-0.00000000e+00  1.00002575e+01 -4.00000038e+01  1.00000000e+01
  8.47710544e-06 -8.47710544e-06  9.50200012e+02]",6.733333,202,0,202,0
[   0.   10.  -40.   10.    0.    0. -130.],"[-6.79847017e-06  1.00002165e+01 -3.99999962e+01  1.00000086e+01
 -8.47710544e-06 -8.47710544e-06  9.50200012e+02]",6.766667,203,0,203,0
[   0.   10.  -40.   10.    0.    0. -130.],"[ -0.        10.000169 -39.99999   10.        -0.        -0.
 950.2     ]",6.8,204,0,204,0
[   0.   10.  -40.   10.    0.    0. -130.],"[-0.0000000e+00  1.0000135e+01 -3.9999996e+01  1.0000000e+01
  8.4771054e-06 -8.4771054e-06  9.5020001e+02]",6.8333335,205,0,205,0
[   0.   10.  -40.   10.    0.    0. -130.],"[-0.0000000e+00  1.0000114e+01 -3.9999996e+01  1.0000000e+01
 -8.4771054e-06 -8.4771054e-06  9.5020001e+02]",6.866667,206,0,206,0
[   0.   10.  -40.   10.    0.    0. -130.],"[-0.0000000e+00  1.0000108e+01 -3.9999989e+01  1.0000000e+01
  8.4771054e-06 -0.0000000e+00  9.5020001e+02]",6.9,207,0,207,0
[   0.   10.  -40.   10.    0.    0. -130.],"[ 6.7984702e-06  1.0000081e+01 -3.9999996e+01  1.0000009e+01
  8.4771054e-06 -0.0000000e+00  9.5020001e+02]",6.9333334,208,0,208,0
[   0.   10.  -40.   10.    0.    0. -130.],"[-6.7984702e-06  1.0000060e+01 -3.9999996e+01  9.9999914e+00
  8.4771054e-06  8.4771054e-06  9.5020001e+02]",6.9666667,209,0,209,0
[   0.   10.  -40.   10.    0.    0. -130.],"[-0.0000000e+00  1.0000047e+01 -3.9999996e+01  1.0000009e+01
  8.4771054e-06 -1.6954211e-05  9.5020001e+02]",7.0,210,0,210,0
[   0.   10.  -40.   10.    0.    0. -130.],"[-0.0000000e+00  1.0000040e+01 -3.9999996e+01  1.0000000e+01
  8.4771054e-06 -0.0000000e+00  9.5020001e+02]",7.0333333,211,0,211,0
[   0.   10.  -40.   10.    0.    0. -130.],"[-0.0000000e+00  1.0000040e+01 -3.9999996e+01  1.0000000e+01
 -8.4771054e-06 -0.0000000e+00  9.5020001e+02]",7.0666666,212,0,212,0
[   0.   10.  -40.   10.    0.    0. -130.],"[-6.7984702e-06  1.0000027e+01 -4.0000004e+01  1.0000009e+01
  8.4771054e-06 -0.0000000e+00  9.5020001e+02]",7.1,213,0,213,0
[   0.   10.  -40.   10.    0.    0. -130.],"[ 6.7984702e-06  1.0000027e+01 -3.9999996e+01  1.0000000e+01
 -0.0000000e+00 -8.4771054e-06  9.5020001e+02]",7.133333,214,0,214,0
[   0.   10.  -40.   10.    0.    0. -130.],"[-6.7984702e-06  1.0000006e+01 -3.9999989e+01  9.9999914e+00
 -0.0000000e+00  8.4771054e-06  9.5020001e+02]",7.1666665,215,0,215,0
[   0.   10.  -40.   10.    0.    0. -130.],"[ 6.7984702e-06  9.9999990e+00 -3.9999996e+01  1.0000000e+01
 -0.0000000e+00 -0.0000000e+00  9.5020001e+02]",7.2,216,0,216,0
[   0.   10.  -40.   10.    0.    0. -130.],"[-6.7984702e-06  1.0000020e+01 -3.9999996e+01  1.0000017e+01
  1.6954211e-05 -8.4771054e-06  9.5020001e+02]",7.233333,217,0,217,0
[   0.   10.  -40.   10.    0.    0. -130.],"[-0.0000000e+00  1.0000012e+01 -4.0000011e+01  1.0000000e+01
 -0.0000000e+00 -8.4771054e-06  9.5020001e+02]",7.266667,218,0,218,0
[   0.   10.  -40.   10.    0.    0. -130.],"[-0.0000000e+00  1.0000006e+01 -4.0000004e+01  1.0000000e+01
 -8.4771054e-06 -0.0000000e+00  9.5020001e+02]",7.3,219,0,219,0
[   0.   10.  -40.   10.    0.    0. -130.],"[-6.7984702e-06  9.9999990e+00 -3.9999996e+01  1.0000000e+01
  1.6954211e-05 -0.0000000e+00  9.5020001e+02]",7.3333335,220,0,220,0
[   0.   10.  -40.   10.    0.    0. -130.],"[-6.798470e-06  9.999999e+00 -3.999999e+01  1.000000e+01 -0.000000e+00
 -8.477105e-06  9.502000e+02]",7.366667,221,0,221,0
[   0.   10.  -40.   10.    0.    0. -130.],"[ 6.798470e-06  9.999999e+00 -3.999999e+01  9.999991e+00 -0.000000e+00
 -0.000000e+00  9.502000e+02]",7.4,222,0,222,0
[   0.   10.  -40.   10.    0.    0. -130.],"[-0.0000000e+00  9.9999990e+00 -3.9999989e+01  1.0000009e+01
 -8.4771054e-06 -0.0000000e+00  9.5020001e+02]",7.4333334,223,0,223,0
[   0.   10.  -40.   10.    0.    0. -130.],"[-6.7984702e-06  9.9999924e+00 -4.0000004e+01  9.9999914e+00
 -0.0000000e+00  8.4771054e-06  9.5020001e+02]",7.4666667,224,0,224,0
[   0.   10.  -40.   10.    0.    0. -130.],"[-6.7984702e-06  9.9999924e+00 -3.9999996e+01  1.0000000e+01
 -0.0000000e+00 -0.0000000e+00  9.5020001e+02]",7.5,225,0,225,0
[  10.   10.  -40.   10.    0.    0. -130.],"[ 1.3596940e-05  9.9999924e+00 -3.9999996e+01  9.9999914e+00
 -0.0000000e+00 -8.4771054e-06  9.5020001e+02]",7.5333333,226,0,226,0
[  10.   10.  -40.   10.    0.    0. -130.],"[-6.7984702e-06  9.9999857e+00 -3.9999996e+01  1.0000000e+01
 -0.0000000e+00 -0.0000000e+00  9.5020001e+02]",7.5666666,227,0,227,0
[  10.   10.  -40.   10.    0.    0. -130.],"[ 2.9994851e-02  1.0000047e+01 -3.9999985e+01  1.0000009e+01
 -0.0000000e+00 -8.4771054e-06  9.5020001e+02]",7.6,228,0,228,0
[  10.   10.  -40.   10.    0.    0. -130.],"[ 8.1923610e-01  1.0000475e+01 -3.9999924e+01  1.0000093e+01
 -1.6954211e-05 -0.0000000e+00  9.5020001e+02]",7.633333,229,0,229,0
[  10.   10.  -40.   10.    0.    0. -130.],"[ 3.3725512e+00  1.0000251e+01 -4.0000011e+01  1.0000034e+01
 -1.6954211e-05 -0.0000000e+00  9.5020001e+02]",7.6666665,230,0,230,0
[  20.   10.  -40.   10.    0.    0. -130.],"[ 6.8046503e+00  9.9995165e+00 -4.0000080e+01  9.9998817e+00
  5.0862629e-05 -0.0000000e+00  9.5020001e+02]",7.7,231,0,231,0
[  20.   10.  -40.   10.    0.    0. -130.],"[ 9.3262367e+00  9.9989996e+00 -4.0000057e+01  9.9999151e+00
  3.3908422e-05 -0.0000000e+00  9.5020001e+02]",7.733333,232,0,232,0
[  20.   10.  -40.   10.    0.    0. -130.],"[ 9.9845123e+00  9.9993801e+00 -3.9999969e+01  1.0000000e+01
  2.5431314e-05 -8.4771054e-06  9.5020001e+02]",7.766667,233,0,233,0
[  20.   10.  -40.   10.    0.    0. -130.],"[ 1.0002665e+01  9.9997139e+00 -3.9999962e+01  1.0000009e+01
  2.5431314e-05 -0.0000000e+00  9.5020001e+02]",7.8,234,0,234,0
[  20.   10.  -40.   10.    0.    0. -130.],"[ 1.0394548e+01  1.0000333e+01 -3.9999928e+01  1.0000102e+01
 -8.4771054e-06 -8.4771054e-06  9.5020001e+02]",7.8333335,235,0,235,0
[  20.   10.  -40.   10.    0.    0. -130.],"[ 1.2263250e+01  1.0000427e+01 -3.9999962e+01  1.0000068e+01
 -2.5431314e-05 -0.0000000e+00  9.5020001e+02]",7.866667,236,0,236,0
[  20.   10.  -40.   10.    0.    0. -130.],"[ 1.5445798e+01  9.9999113e+00 -4.0000065e+01  1.0000000e+01
  8.4771054e-06 -0.0000000e+00  9.5020001e+02]",7.9,237,0,237,0
[  20.   10.  -40.   10.    0.    0. -130.],"[ 1.8400991e+01  9.9993124e+00 -4.0000072e+01  9.9998980e+00
  2.5431314e-05 -0.0000000e+00  9.5020001e+02]",7.9333334,238,0,238,0
[  20.   10.  -40.   10.    0.    0. -130.],"[ 1.9897293e+01  9.9994011e+00 -3.9999989e+01  9.9999657e+00
  8.4771054e-06  8.4771054e-06  9.5020001e+02]",7.9666667,239,0,239,0
[  20.   10.  -40.   10.    0.    0. -130.],"[ 2.0002384e+01  9.9998493e+00 -3.9999943e+01  1.0000042e+01
 -0.0000000e+00 -8.4771054e-06  9.5020001e+02]",8.0,240,0,240,0
[  20.   10.  -40.   10.    0.    0. -130.],"[ 2.0001289e+01  9.9998703e+00 -3.9999985e+01  1.0000017e+01
  8.4771054e-06 -8.4771054e-06  9.5020001e+02]",8.033334,241,0,241,0
[  20.   10.  -40.   10.    0.    0. -130.],"[ 2.000031e+01  9.999897e+00 -3.999999e+01  1.000000e+01 -0.000000e+00
  8.477105e-06  9.502000e+02]",8.066667,242,0,242,0
[  20.   10.  -40.   10.    0.    0. -130.],"[ 20.00004    9.999911 -39.999996  10.        -0.        -0.
 950.2     ]",8.1,243,0,243,0
[  20.   10.  -40.   10.    0.    0. -130.],"[ 19.999971   9.999904 -39.99999   10.000009  -0.        -0.
 950.2     ]",8.133333,244,0,244,0
[  20.   10.  -40.   10.    0.    0. -130.],"[ 19.999964   9.999911 -39.99999   10.000009  -0.        -0.
 950.2     ]",8.166667,245,0,245,0
[  20.   10.  -40.   10.    0.    0. -130.],"[ 1.9999958e+01  9.9999113e+00 -4.0000011e+01  1.0000017e+01
  8.4771054e-06 -0.0000000e+00  9.5020001e+02]",8.2,246,0,246,0
[  20.   10.  -40.   10.    0.    0. -130.],"[ 19.999971   9.999951 -40.000004  10.000009  -0.        -0.
 950.2     ]",8.233334,247,0,247,0
[  20.   10.  -40.   10.    0.    0. -130.],"[ 1.9999979e+01  9.9999514e+00 -4.0000004e+01  1.0000009e+01
  8.4771054e-06 -8.4771054e-06  9.5020001e+02]",8.266666,248,0,248,0
[  20.   10.  -40.   10.    0.    0. -130.],"[ 1.9999971e+01  9.9999447e+00 -3.9999996e+01  1.0000000e+01
 -8.4771054e-06 -0.0000000e+00  9.5020001e+02]",8.3,249,0,249,0
[  20.   10.  -40.   10.    0.    0. -130.],"[ 1.9999992e+01  9.9999514e+00 -3.9999989e+01  1.0000009e+01
  1.6954211e-05 -8.4771054e-06  9.5020001e+02]",8.333333,250,0,250,0
[  20.   10.  -40.   10.    0.    0. -130.],"[ 1.9999985e+01  9.9999657e+00 -3.9999996e+01  1.0000000e+01
 -8.4771054e-06  8.4771054e-06  9.5020001e+02]",8.366667,251,0,251,0
[  20.   10.  -40.   10.    0.    0. -130.],"[ 1.9999985e+01  9.9999723e+00 -3.9999989e+01  1.0000000e+01
 -1.6954211e-05 -0.0000000e+00  9.5020001e+02]",8.4,252,0,252,0
[  20.   10.  -40.   10.    0.    0. -130.],"[ 19.999985   9.999979 -39.999996  10.000017  -0.        -0.
 950.2     ]",8.433333,253,0,253,0
[  20.   10.  -40.   10.    0.    0. -130.],"[ 19.999992   9.999986 -40.000004  10.        -0.        -0.
 950.2     ]",8.466666,254,0,254,0
[  20.   10.  -40.   10.   10.    0. -130.],"[ 2.0000006e+01  9.9999790e+00 -3.9999989e+01  1.0000009e+01
  8.4771054e-06 -0.0000000e+00  9.5020001e+02]",8.5,255,0,255,0
[  20.   10.  -40.   10.   10.    0. -130.],"[ 1.9999992e+01  9.9999857e+00 -3.9999996e+01  9.9999914e+00
 -0.0000000e+00  8.4771054e-06  9.5020001e+02]",8.533334,256,0,256,0
[  20.   10.  -40.   10.   10.    0. -130.],"[ 2.0000006e+01  1.0000006e+01 -3.9999996e+01  1.0000026e+01
  1.3038635e-01 -8.4771054e-06  9.5020001e+02]",8.566667,257,0,257,0
[  20.   10.  -40.   10.   10.    0. -130.],"[ 1.9999971e+01  1.0000142e+01 -4.0000019e+01  1.0000009e+01
  3.4294806e+00 -8.4771054e-06  9.5020001e+02]",8.6,258,0,258,0
[  20.   10.  -40.   10.   10.    0. -130.],"[ 2.0000011e+01  9.9999180e+00 -4.0000050e+01  9.9998732e+00
  9.1064110e+00 -8.4771054e-06  9.5020001e+02]",8.633333,259,0,259,0
[  20.   10.  -40.   10.   10.    0. -130.],"[ 2.0000006e+01  9.9999857e+00 -3.9999996e+01  9.9999323e+00
  1.0002535e+01 -8.4771054e-06  9.5020001e+02]",8.666667,260,0,260,0
[  20.   10.  -40.   10.   20.    0. -130.],"[ 19.999998  10.000006 -39.99999    9.999974  10.001687  -0.
 950.2     ]",8.7,261,0,261,0
[  20.   10.  -40.   10.   20.    0. -130.],"[ 19.999998  10.00002  -40.000004   9.999983  10.000466  -0.
 950.2     ]",8.733334,262,0,262,0
[  20.   10.  -40.   10.   20.    0. -130.],"[ 1.9999992e+01  1.0000053e+01 -3.9999985e+01  1.0000026e+01
  1.0199619e+01  8.4771054e-06  9.5020001e+02]",8.766666,263,0,263,0
[  20.   10.  -40.   10.   20.    0. -130.],"[ 19.999971  10.000101 -39.99999    9.999991  13.651775  -0.
 950.2     ]",8.8,264,0,264,0
[  20.   10.  -40.   10.   20.    0. -130.],"[ 20.00002    9.99989  -40.00003    9.999882  18.724916  -0.
 950.2     ]",8.833333,265,0,265,0
[  20.   10.  -40.   10.   20.    0. -130.],"[ 20.000006   9.999979 -39.999996   9.999966  20.002712  -0.
 950.2     ]",8.866667,266,0,266,0
[  20.   10.  -40.   10.   20.    0. -130.],"[ 1.9999998e+01  9.9999990e+00 -3.9999989e+01  9.9999743e+00
  2.0002102e+01 -1.6954211e-05  9.5020001e+02]",8.9,267,0,267,0
[  20.   10.  -40.   10.   20.    0. -130.],"[ 1.9999985e+01  9.9999990e+00 -3.9999996e+01  9.9999914e+00
  2.0000721e+01  8.4771054e-06  9.5020001e+02]",8.933333,268,0,268,0
[  20.   10.  -40.   10.   20.    0. -130.],"[ 19.999998   9.999986 -39.999985   9.999983  20.00017   -0.
 950.2     ]",8.966666,269,0,269,0
[  20.   10.  -40.   10.   20.    0. -130.],"[ 2.0000006e+01  9.9999857e+00 -3.9999996e+01  9.9999828e+00
  2.0000008e+01 -8.4771054e-06  9.5020001e+02]",9.0,270,0,270,0
[  20.   10.  -40.   10.   20.    0. -130.],"[ 19.999998   9.999999 -39.99999    9.999991  19.999966  -0.
 950.2     ]",9.033334,271,0,271,0
[  20.   10.  -40.   10.   20.    0. -130.],"[ 19.999992   9.999986 -39.99999   10.        19.999966  -0.
 950.2     ]",9.066667,272,0,272,0
[  20.   10.  -40.   10.   20.    0. -130.],"[ 19.999998   9.999986 -39.99999    9.999991  19.999975  -0.
 950.2     ]",9.1,273,0,273,0
[  20.   10.  -40.   10.   20.    0. -130.],"[ 1.9999992e+01  9.9999990e+00 -3.9999985e+01  1.0000009e+01
  1.9999966e+01  8.4771054e-06  9.5020001e+02]",9.133333,274,0,274,0
[  20.   10.  -40.   10.   20.    0. -130.],"[ 19.999998   9.999999 -40.000004  10.        19.999983  -0.
 950.2     ]",9.166667,275,0,275,0
[  20.   10.  -40.   10.   20.    0. -130.],"[ 1.9999992e+01  9.9999924e+00 -3.9999989e+01  9.9999828e+00
  1.9999983e+01  8.4771054e-06  9.5020001e+02]",9.2,276,0,276,0
[  20.   10.  -40.   10.   20.   10. -130.],"[ 19.999985   9.999999 -40.000004  10.        19.999975  -0.
 950.2     ]",9.233334,277,0,277,0
[  20.   10.  -40.   10.   20.   10. -130.],"[ 19.999998   9.999999 -39.999996  10.        19.999983  -0.
 950.2     ]",9.266666,278,0,278,0
[  20.   10.  -40.   10.   20.   10. -130.],"[ 2.0000006e+01  1.0000006e+01 -3.9999996e+01  1.0000009e+01
  2.0000000e+01  1.5943739e-01  9.5020001e+02]",9.3,279,0,279,0
[  20.   10.  -40.   10.   20.   10. -130.],"[ 19.999992   10.000006  -40.000004   10.         20.          3.8829803
 950.2      ]",9.333333,280,0,280,0
[  20.   10.  -40.   10.   20.   10. -130.],"[ 19.999992   9.999999 -39.99999   10.000034  19.999992   8.991106
 950.2     ]",9.366667,281,0,281,0
[  20.   10.  -40.   10.   20.   10. -130.],"[ 19.999998   9.999986 -39.99999   10.000009  19.999992  10.000874
 950.2     ]",9.4,282,0,282,0
[  20.   10.  -40.   10.   20.   20. -130.],"[ 19.999992   9.999992 -39.999996  10.000009  20.000008  10.002238
 950.2     ]",9.433333,283,0,283,0
[  20.   10.  -40.   10.   20.   20. -130.],"[ 19.999998   9.999992 -39.999996  10.        19.999983  10.000661
 950.2     ]",9.466666,284,0,284,0
[  20.   10.  -40.   10.   20.   20. -130.],"[ 19.999998    9.999999  -39.99999    10.         19.999992   10.1610565
 950.2      ]",9.5,285,0,285,0
[  20.   10.  -40.   10.   20.   20. -130.],"[ 20.000006  10.000006 -39.99999   10.        20.        13.426708
 950.2     ]",9.533334,286,0,286,0
[  20.   10.  -40.   10.   20.   20. -130.],"[ 19.999998   9.999999 -39.99999   10.000009  19.999992  18.725485
 950.2     ]",9.566667,287,0,287,0
[  20.   10.  -40.   10.   20.   20. -130.],"[ 19.999998   9.999999 -39.999996  10.000009  20.000008  20.002085
 950.2     ]",9.6,288,0,288,0
[  20.   10.  -40.   10.   20.   20. -130.],"[ 19.999992   9.999999 -39.99999   10.        20.000008  20.002535
 950.2     ]",9.633333,289,0,289,0
[  20.   10.  -40.   10.   20.   20. -130.],"[ 20.000006   9.999999 -39.99999    9.999991  20.        20.000645
 950.2     ]",9.666667,290,0,290,0
[  20.   10.  -40.   10.   20.   20. -130.],"[ 20.000006   9.999999 -39.999996  10.        20.        20.000093
 950.2     ]",9.7,291,0,291,0
[  20.   10.  -40.   10.   20.   20. -130.],"[ 20.000006   9.999999 -40.000004  10.        20.        19.999966
 950.2     ]",9.733334,292,0,292,0
[  20.   10.  -40.   10.   20.   20. -130.],"[ 20.000006   9.999992 -39.99999   10.        20.        19.999949
 950.2     ]",9.766666,293,0,293,0
[  20.   10.  -40.   10.   20.   20. -130.],"[ 19.999992   9.999986 -39.999985   9.999991  20.000008  19.99994
 950.2     ]",9.8,294,0,294,0
[  20.   10.  -40.   10.   20.   20. -130.],"[ 19.999992  10.000006 -39.999996  10.        19.999992  19.999958
 950.2     ]",9.833333,295,0,295,0
[  20.   10.  -40.   10.   20.   20. -130.],"[ 19.999998   9.999999 -39.999996  10.        19.999992  19.999949
 950.2     ]",9.866667,296,0,296,0
[  20.   10.  -40.   10.   20.   20. -130.],"[ 19.999992  10.000006 -39.999996  10.        20.        19.999966
 950.2     ]",9.9,297,0,297,0
[  20.   10.  -40.   10.   20.   20. -130.],"[ 19.999998   9.999992 -40.00001   10.        20.        19.999966
 950.2     ]",9.933333,298,0,298,0
